make_slug,style_name,occurrences
acura,1.6 EL 4DR SEDAN SE/SPORT/PREMIUM,2
acura,1.6 EL 4DR SEDAN SPORT/PREMIUM,2
acura,1.7 EL 4DR SEDAN PREMIUM,3
acura,1.7 EL 4DR SEDAN TOURING,3
acura,1.7 EL 4DR SEDAN TOURING/PREMIUM,1
acura,CSX 4DR SEDAN FWD /TECH PACKAGE,1
acura,CSX 4DR SEDAN FWD /TECH PACKAGE/TYPE-S,3
acura,CSX 4DR SEDAN FWD /TOURING/PREMIUM,1
acura,CSX 4DR SEDAN FWD /TOURING/PREMIUM/TYPE-S,1
acura,EL 4DR SEDAN FWD /PREMIUM/TOURING,1
alfa_romeo,GUILIA AWD 4DR SEDAN,1
alfa_romeo,GUILIA BASE/Ti AWD 4DR SEDAN,6
alfa_romeo,GUILIA BASE/Ti RWD 4DR SEDAN,9
alfa_romeo,GUILIA QUADRIFOGLIO 4DR SEDAN,9
alfa_romeo,GUILIA Ti AWD 4DR SEDAN,3
aston_martin,VALKYRIE,5
aston_martin,VANQUIS 2DR COUPE RWD,1
aston_martin,VOLANTE 2DR CONVERTIBLE,1
aston_martin,VOLANTE CONV.,2
audi,GT CP,2
bentley,CORNICHE,1
bentley,CORNICHE IV 2DR CONVERTIBLE,2
bentley,SILVER DAWN 4DR SEDAN,3
bentley,SILVER SPIRIT,1
bentley,SILVER SPIRIT 4DR SEDAN,1
bentley,SILVER SPIRIT II 4DR SEDAN,3
bentley,SILVER SPIRIT III 4DR SEDAN,1
bentley,SILVER SPUR,1
bentley,SILVER SPUR 4DR SEDAN,4
bentley,SILVER SPUR II 4DR SEDAN,3
bentley,SILVER SPUR III 4DR SEDAN,2
bmw,1-SERIES M COUPE 2DR COUPE,1
bmw,323Ci 2DR COUPE,1
bmw,325 2 DR COUPE,2
bmw,325 4 DR SEDAN,2
bmw,325 e 2 DR,2
bmw,325 e 4 DR,2
bmw,325Si 2DR COUPE,2
bmw,5 SERIES 520d 4DR SEDAN,1
bmw,5 SERIES 520d xDRIVE 4DR SEDAN,1
bmw,5 SERIES 530d 4DR SEDAN,1
bmw,5 SERIES 530d xDRIVE 4DR SEDAN,1
bmw,5 SERIES 535xDrive Gran Turismo 4DR SEDAN AWD,1
bmw,5 SERIES 550xDrive Gran Turismo 4DR SEDAN AWD,1
bmw,7 SERIES 740Le 4DR SEDAN LWB,3
bmw,7 SERIES ACTIVE HYBRID 4DR SEDAN RWD,3
bmw,7 SERIES ACTIVEHYBRID 4DR SEDAN RWD,3
bmw,8-SERIES 2DR CONVERTIBLE,8
bmw,8-SERIES 2DR COUPE,8
bmw,8-SERIES GRAN COUPE,7
bmw,M COUPE 2DR COUPE RWD,1
bmw,M COUPE 2DR RWD,3
bmw,M COUPE 3.2,1
bmw,M ROADSTER,2
bmw,M ROADSTER 2DR CONVERTIBLE RWD,1
bmw,M ROADSTER 3.2,1
bmw,M ROADSTER 3.2L,2
buick,ESTATE WAGON,1
cadillac,BIARRITZ 2 DR COUPE,1
cadillac,SIXTY SPECIAL,1
chevrolet,ASTRO CARGO,2
chevrolet,ASTRO CARGO VAN,2
chevrolet,ASTRO CARGO VAN AWD,7
chevrolet,ASTRO CARGO VAN EXTENDED BODY,6
chevrolet,ASTRO CARGO VAN RWD,7
chevrolet,ASTRO EXTENDED LENGTH AWD CARGO VAN,1
chevrolet,ASTRO EXTENDED LENGTH BASE CARGO VAN,1
chevrolet,ASTRO EXTENDED LENGTH RWD/AWD WAGON,1
chevrolet,ASTRO RWD/AWD WAGON,1
chevrolet,ASTRO SAFARI,2
chevrolet,ASTRO SAFARI (VAN),1
chevrolet,C-10 LONG BED PICK-UP,2
chevrolet,C-10 SHORT BED PICK-UP,2
chevrolet,C-10 STEPSIDE PICK-UP,2
chevrolet,C-1500,2
chevrolet,C10,1
chevrolet,C1500 2 WD,1
chevrolet,C1500 4 WD,1
chevrolet,C1500 FLEETSIDE P.U. EXT CAB LG BOX,3
chevrolet,C1500 FLEETSIDE P.U. EXT CAB SHT BOX,3
chevrolet,C1500 FLEETSIDE P.U. REG CAB LG BOX,3
chevrolet,C1500 FLEETSIDE P.U. REG CAB SHT BOX,3
chevrolet,C1500 FLEETSIDE PU. EXTENDED CAB,3
chevrolet,C1500 FLEETSIDE PU. LONG WB. REG. CAB,3
chevrolet,C1500 FLEETSIDE PU. SHORT WB. REG. CAB,3
chevrolet,C1500 OR C10,2
chevrolet,C1500 P/U EXT CAB L/BOX F/SIDE,5
chevrolet,C1500 P/U EXT CAB S/BOX F/SIDE,6
chevrolet,C1500 P/U REG CAB L/BOX F/SIDE,5
chevrolet,C1500 P/U REG CAB S/BOX F/SIDE,5
chevrolet,C1500 SPORTSIDE P.U. EXT CAB,2
chevrolet,C1500 SPORTSIDE P.U. REGULAR CAB,3
chevrolet,C1500 SPORTSIDE PU. REGULAR CAB,3
chevrolet,C20,3
chevrolet,C2500 FLEETSIDE P.U. EXT CAB  LG BOX,3
chevrolet,C2500 FLEETSIDE P.U. EXT CAB SHT BX,3
chevrolet,C2500 FLEETSIDE P.U. REG CAB LG BOX,3
chevrolet,C2500 FLEETSIDE PU. EXTENDED CAB,3
chevrolet,C2500 FLEETSIDE PU. LONG WB. REG. CAB,3
chevrolet,C2500 P/U CREW CAB S/BOX,1
chevrolet,C2500 P/U EXT CAB L/BOX,1
chevrolet,C2500 P/U EXT CAB L/BOX F/SIDE,6
chevrolet,C2500 P/U EXT CAB S/BOX F/SIDE,6
chevrolet,C2500 P/U REG CAB L/BOX,1
chevrolet,C2500 P/U REG CAB L/BOX F/SIDE,6
chevrolet,C30,2
chevrolet,C3500 CREW CAB P.U. 4X2,2
chevrolet,C3500 FLEETSIDE P.U. EXT CAB DUAL,3
chevrolet,C3500 FLEETSIDE P.U. EXT CAB LG BOX,3
chevrolet,C3500 FLEETSIDE P.U. REG CAB DUAL,3
chevrolet,C3500 FLEETSIDE P.U. REG CAB LG BOX,3
chevrolet,C3500 FLEETSIDE PU. EXTENDED CAB,3
chevrolet,C3500 FLEETSIDE PU. LONG WB. REG. CAB,3
chevrolet,C3500 P/U CREW CAB L/BOX,7
chevrolet,C3500 P/U CREW CAB L/BOX DRW,6
chevrolet,C3500 P/U CREW CAB S/BOX,1
chevrolet,C3500 P/U EXT CAB L/BOX,4
chevrolet,C3500 P/U EXT CAB L/BOX DRW,7
chevrolet,C3500 P/U REG CAB L/BOX,7
chevrolet,C3500 P/U REG CAB L/BOX DRW,6
chevrolet,CABALLERO,3
chevrolet,CMC S15  SHORT BOX,1
chevrolet,CMC S15 LONG BOX,1
chevrolet,CORICA 4 DR SEDAN,1
chevrolet,CUST. VAN G10 G20 G30,1
chevrolet,CUSTOM VAN G10-G20-G30,1
chevrolet,FENDERSIDE C1500 OR C10,1
chevrolet,FENDERSIDE C2500 OR C20,1
chevrolet,FENDERSIDE C3500 OR C30,1
chevrolet,FENDERSIDE K1500 OR K10,2
chevrolet,FENDERSIDE K2500 OR K20,1
chevrolet,FENDERSIDE-C1500 OR C10,1
chevrolet,FENDERSIDE-C2500 OR C20,1
chevrolet,FENDERSIDE-C3500 OR C30,1
chevrolet,FENDERSIDE-K1500 OR 10,1
chevrolet,FENDERSIDE-K1500 OR K10,1
chevrolet,FENDERSIDE-K2500 OR K20,1
chevrolet,G10 CARGO,1
chevrolet,G10 CARGO LONG W.B.,3
chevrolet,G10 CARGO LONG W/B,2
chevrolet,G10 CARGO REGULAR W/B,1
chevrolet,G10 CARGO SHORT,1
chevrolet,G10 CARGO SHORT W.B.,3
chevrolet,G10 CARGO SHORT W/B,2
chevrolet,G10 SPORTVAN,5
chevrolet,G10 SPORTVAN LONG W/B,1
chevrolet,G10 SPORTVAN SHORT,1
chevrolet,G1500 CARGO,4
chevrolet,G1500 G2500 G3500,1
chevrolet,G20 CARGO,1
chevrolet,G20 CARGO EXTENDED W/B,1
chevrolet,G20 CARGO LONG W.B.,3
chevrolet,G20 CARGO LONG W/B,2
chevrolet,G20 CARGO REGULAR W/B,1
chevrolet,G20 CARGO SHORT,1
chevrolet,G20 CARGO SHORT W.B.,3
chevrolet,G20 CARGO SHORT W/B,2
chevrolet,G20 SPORTVAN,6
chevrolet,G20 SPORTVAN LONG W/B,3
chevrolet,G2500 CARGO,4
chevrolet,G2500 CARGO EXTENDED,4
chevrolet,G30 CARGO,2
chevrolet,G30 CARGO EXTENDED BODY,3
chevrolet,G30 CARGO EXTENDED W/B,1
chevrolet,G30 CARGO EXTRA LONG W/B,2
chevrolet,G30 CARGO LONG W.B.,3
chevrolet,G30 CARGO LONG W/B,2
chevrolet,G30 CARGO REGULAR W/B,1
chevrolet,G30 SPORTVAN,6
chevrolet,G30 SPORTVAN EXTENDED BODY,3
chevrolet,G30 SPORTVAN EXTRA LONG W/B,3
chevrolet,G30 SPORTVAN LONG W/B,3
chevrolet,G3500,1
chevrolet,G3500 CARGO,4
chevrolet,G3500 CARGO EXTENDED,4
chevrolet,GEO STORM 3DR HATCHBACK,1
chevrolet,GEO STORM COUPE,1
chevrolet,GEO STORM\GSI COUPE,1
chevrolet,GMC VAN G1500 G2500 G3500,1
chevrolet,GMC VAN G1500-G2500-G3500,2
chevrolet,GMC VAN G3500,1
chevrolet,K-10 LONG BED 4 X 4 PICK-UP,2
chevrolet,K-10 SHORT BED 4 X 4 PICK-UP,2
chevrolet,K-1500,2
chevrolet,K1500 2 WD,1
chevrolet,K1500 4 WD,1
chevrolet,K1500 FLEETSIDE P.U. EXT CAB LG BOX 4X4,3
chevrolet,K1500 FLEETSIDE P.U. EXT CAB SHT BOX 4X4,3
chevrolet,K1500 FLEETSIDE P.U. REG CAB LG BOX 4X4,3
chevrolet,K1500 FLEETSIDE P.U. REG CAB SHT BOX 4X4,3
chevrolet,K1500 FLEETSIDE PU. EXTENDED CAB 4X4,3
chevrolet,K1500 FLEETSIDE PU. LONG WB. REG.CAB 4X4,3
chevrolet,K1500 FLEETSIDE PU. SHORT WB.REG.CAB 4X4,3
chevrolet,K1500 P/U EXT CAB L/BOX F/SIDE 4X4,5
chevrolet,K1500 P/U EXT CAB S/BOX F/SIDE 4X4,6
chevrolet,K1500 P/U REG CAB L/BOX F/SIDE 4X4,5
chevrolet,K1500 P/U REG CAB S/BOX F/SIDE 4X4,5
chevrolet,K1500 SPORTSIDE P.U. EXT CAB 4X4,2
chevrolet,K1500 SPORTSIDE P.U. REGULAR CAB 4X4,3
chevrolet,K1500 SPORTSIDE PU. REGULAR CAB 4X4,3
chevrolet,K20,2
chevrolet,K2500 FLEETSIDE P.U. EXT CAB LG BOX 4X4,3
chevrolet,K2500 FLEETSIDE P.U. EXT CAB SHT BOX 4X4,3
chevrolet,K2500 FLEETSIDE P.U. REG CAB LG BOX 4X4,3
chevrolet,K2500 FLEETSIDE PU. EXTENDED CAB 4X4,3
chevrolet,K2500 FLEETSIDE PU. LONG WB. REG.CAB 4X4,3
chevrolet,K2500 P/U CREW CAB S/BOX 4X4,1
chevrolet,K2500 P/U EXT CAB L/BOX 4X4,1
chevrolet,K2500 P/U EXT CAB L/BOX F/SIDE 4X4,6
chevrolet,K2500 P/U EXT CAB S/BOX 4X4,1
chevrolet,K2500 P/U EXT CAB S/BOX F/SIDE 4X4,4
chevrolet,K2500 P/U REG CAB L/BOX 4X4,1
chevrolet,K2500 P/U REG CAB L/BOX F/SIDE 4X4,6
chevrolet,K30,1
chevrolet,K3500 CREW CAB P.U. 4X4,2
chevrolet,K3500 FLEETSIDE P.U. EXT CAB LG BOX 4X4,3
chevrolet,K3500 FLEETSIDE P.U. REG CAB LG BOX 4X4,3
chevrolet,K3500 FLEETSIDE PU. EXTENDED CAB 4X4,3
chevrolet,K3500 FLEETSIDE PU. LONG WB. REG.CAB 4X4,3
chevrolet,K3500 P/U CREW CAB L/BOX 4X4,7
chevrolet,K3500 P/U CREW CAB L/BOX 4X4 DRW,6
chevrolet,K3500 P/U CREW CAB S/BOX 4X4,1
chevrolet,K3500 P/U EXT CAB L/BOX 4X4,4
chevrolet,K3500 P/U EXT CAB L/BOX 4X4 DRW,6
chevrolet,K3500 P/U REG CAB L/BOX 4X4,7
chevrolet,K3500 P/U REG CAB L/BOX 4X4 DRW,5
chevrolet,MAXI VAN G30,1
chevrolet,MAXI-VAN G30,1
chevrolet,MINI VAN G10 -G20,1
chevrolet,MINI-VAN G10 & G20,1
chevrolet,MONZA HATCHBACK (1980),1
chevrolet,MONZA NOTCHBACK (1980),1
chevrolet,R-10 LONG BED PICK-UP,1
chevrolet,R-10 SHORT BED PICK-UP,1
chevrolet,R-10 STEPSIDE PICK-UP,1
chevrolet,R20 BONUS/CREW CAB PU.,1
chevrolet,R20 BONUS/CREW CAB PU. 2WD,2
chevrolet,R30 BONUS/CREW CAB PU.,1
chevrolet,R30 BONUS/CREW CAB PU. 2WD,2
chevrolet,R3500 BONUS/CREW CAB P.U. 2WD,1
chevrolet,S-10 BAHA PICKUP 4X4,1
chevrolet,S-10 EXTENDED CAB 4 X 4 PICK-UP,3
chevrolet,S-10 EXTENDED CAB PICK-UP,3
chevrolet,S-10 LONG BED 4 X 4 PICK-UP,3
chevrolet,S-10 LONG BED PICK-UP,3
chevrolet,S-10 P.U. LONG W.B. REGULAR CAB,3
chevrolet,S-10 P.U. LONG W.B. REGULAR CAB 4X4,3
chevrolet,S-10 P.U. MAXI-CAB,6
chevrolet,S-10 P.U. MAXI-CAB 4X4,6
chevrolet,S-10 P.U. REGULAR CAB LONG BOX,3
chevrolet,S-10 P.U. REGULAR CAB LONG BOX 4X4,3
chevrolet,S-10 P.U. REGULAR CAB SHORT BOX,3
chevrolet,S-10 P.U. REGULAR CAB SHORT BOX 4X4,3
chevrolet,S-10 P.U. SHORT W.B. REGULAR CAB,3
chevrolet,S-10 P.U. SHORT W.B. REGULAR CAB 4X4,3
chevrolet,S-10 P/U CREW CAB S/BOX 4WD,1
chevrolet,S-10 P/U EXT CAB S/BOX,4
chevrolet,S-10 P/U EXT CAB S/BOX 4X4,4
chevrolet,S-10 P/U EXT CAB S/BOX 4X4 ZR2,2
chevrolet,S-10 P/U EXT CAB S/BOX F/SIDE,6
chevrolet,S-10 P/U EXT CAB S/BOX F/SIDE 4X4,6
chevrolet,S-10 P/U EXT CAB S/BOX F/SIDE 4X4 ZR2,6
chevrolet,S-10 P/U EXT CAB S/BOX F/SIDE XTREME,4
chevrolet,S-10 P/U REG CAB L/BOX,4
chevrolet,S-10 P/U REG CAB L/BOX 4X4,3
chevrolet,S-10 P/U REG CAB L/BOX F/SIDE,6
chevrolet,S-10 P/U REG CAB L/BOX F/SIDE 4X4,3
chevrolet,S-10 P/U REG CAB S/BOX,4
chevrolet,S-10 P/U REG CAB S/BOX 4X4,3
chevrolet,S-10 P/U REG CAB S/BOX 4X4 ZR2,3
chevrolet,S-10 P/U REG CAB S/BOX F/SIDE,6
chevrolet,S-10 P/U REG CAB S/BOX F/SIDE 4X4,4
chevrolet,S-10 P/U REG CAB S/BOX F/SIDE 4X4 ZR2,2
chevrolet,S-10 P/U REG CAB S/BOX F/SIDE XTREME,4
chevrolet,S-10 R/U REG CAB S/BOX F/SIDE 4X4 ZR2,1
chevrolet,S-10 SHORT BED 4 X 4 PICK-UP,3
chevrolet,S-10 SHORT BED PICK-UP,3
chevrolet,S10,1
chevrolet,S10 P/U CREW CAB Reg/BOX 4WD,1
chevrolet,S15 LONG BOX,1
chevrolet,S15 SHORT BOX,1
chevrolet,SPECTRUM 2 DR,2
chevrolet,SPECTRUM 4 DR,2
chevrolet,SPECTRUM 4 DR SEDAN,1
chevrolet,SPORTVAN,3
chevrolet,SPRINT,2
chevrolet,SPRINT 2 DR HATCHBACK,2
chevrolet,SPRINT 4 DR HATCHBACK,2
chevrolet,SPRINT BASE/CL 2DR HATCHBACK,2
chevrolet,SPRINT BASE/CL 4DR HATCHBACK,2
chevrolet,SPRINT BASE/CL-2-DR,1
chevrolet,SPRINT BASE/CL-4-DR,1
chevrolet,SPRINT CONVERTIBLE,2
chevrolet,SPRINT TURBO 2DR,1
chevrolet,SPRINT TURBO 2DR HATCHBACK,2
chevrolet,V-10 LONG BED 4 X 4 PICK-UP,1
chevrolet,V-10 SHORT BED 4 X 4 PICK-UP,1
chevrolet,V30 BONUS/CREW CAB PU. 4X4,3
chevrolet,V3500 BONUS/CREW CAB P.U. 4X4,1
chevrolet,VAN LONG WB,1
chevrolet,WIDESIDE BONUS CREW CAB-K3500 OR K30,1
chevrolet,WIDESIDE BONUS GREW CAB K3500 OR 30,1
chevrolet,WIDESIDE C1500 OR C10,1
chevrolet,WIDESIDE C2500 OR C20,1
chevrolet,WIDESIDE C3500 OR C30,1
chevrolet,WIDESIDE CREW CAB-C3500 OR C30,1
chevrolet,WIDESIDE CREW-C2500 OR C20,1
chevrolet,WIDESIDE GREW C2500 OR C20,1
chevrolet,WIDESIDE GREW CAB C-3500 OR C30,1
chevrolet,WIDESIDE K1500 OR K10,2
chevrolet,WIDESIDE K2500 OR K20,1
chevrolet,WIDESIDE K3500 OR K30,1
chevrolet,WIDESIDE-C1500 OR C10,1
chevrolet,WIDESIDE-C2500 OR C20,1
chevrolet,WIDESIDE-C3500 OR 30,1
chevrolet,WIDESIDE-K1500 OR K10,2
chevrolet,WIDESIDE-K2500 OR K20,1
chevrolet,WIDESIDE-K3500 OR K30,1
chrysler,DATONA TURBO,3
chrysler,LIMOUSINE,4
datsun,2 WD DIESEL KING CAB,1
datsun,2 WD DIESEL LONG,1
datsun,2 WD DIESEL STD,1
datsun,2 WD HEAVY DUTY LONG,1
datsun,2 WD KING CAB,1
datsun,2 WD LONG BOX,1
datsun,2 WD STD,1
datsun,2+2 TURBO,1
datsun,200 SX 2 DR HARDTOP,1
datsun,200 SX CP,1
datsun,200 SX HB,1
datsun,200SX 2 DR HB,2
datsun,200SX 2 DR HD TOP,1
datsun,280 TURBO,1
datsun,4 WD KING CAB,1
datsun,4 WD LONG BOX,1
datsun,4 WD STD,1
datsun,4 X 4,1
datsun,720 PICKUP,1
datsun,720 PICKUP KING CAB 4 WD,1
datsun,720 PICKUP LONG CAB,1
datsun,810 MAXIMA,1
datsun,KING CAB,1
datsun,KING CAB 4 X 4,1
datsun,LONG BOX,1
datsun,LONG BOX 4 X 4,1
datsun,MAXIMA SD,1
datsun,MAXIMA SD 5SP,1
datsun,MAXIMA SD AUTO.,1
datsun,NISSAN STANZA 3 DR,1
datsun,NISSAN STANZA 5 DR,1
datsun,PULSAR NX CP,1
datsun,REGULAR,1
datsun,SENTRA 4 DR WAGON,1
datsun,SENTRA DELUXE 2 DR / 4 DR,1
datsun,SENTRA DELUXE WAGON,1
datsun,SENTRA HB,1
datsun,SENTRA XE HB,1
datsun,STANZA 4 DR HB,1
datsun,STANZA GL 4 DR SD,1
datsun,STANZA XE 2 DR HB,1
dodge,2000 DOHC AWD 4DR SEDAN,1
dodge,2000 GTX,1
dodge,2000 GTX BASE/PREM/PREM DOHC 4DR SEDAN,1
dodge,B 150 MINI,1
dodge,B 150 STD,1
dodge,B 250 MAXI,1
dodge,B 250 MINI,1
dodge,B 250 STD,1
dodge,B 350 MAXI,1
dodge,B 350 STD,1
dodge,B150 MINI,1
dodge,B150 STD,1
dodge,B250 MAXI,1
dodge,B250 MINI,1
dodge,B250 STD,1
dodge,B350 MAXI,1
dodge,B350 STD,1
dodge,D 150,1
dodge,D 150 CLUB CAB,1
dodge,D 150 CLUB CAB LONG,1
dodge,D 150 LONG,1
dodge,D 150 UTILINE,1
dodge,D 150 UTILINE LONG,1
dodge,D 250,1
dodge,D 250 AND D 350 CHASSIS CAB,1
dodge,D 250 AND D 350 CLUBCAB,1
dodge,D 250 AND D 350 CREWCAB,1
dodge,D 250 AND D 350 CREWCAB LONG,1
dodge,D 250 AND D 350 UTILINE,1
dodge,D-150 UTILINE,1
dodge,D150,1
dodge,D150 CLUB CAB,1
dodge,D150 CLUB CAB LONG,1
dodge,D150 LONG,1
dodge,D150 UTILINE LONG,1
dodge,D250,1
dodge,D250 D350 CHASSIS CAB,1
dodge,D250 D350 CLUB CAB,1
dodge,D250 D350 CREW CAB,1
dodge,D250 D350 CREW CAB LONG,1
dodge,D250 D350 UTILINE,1
dodge,EXPO 4 DR HATCHBACK,2
dodge,SRT-4 4DR SEDAN FWD,2
dodge,SX 2.0 4DR SEDAN FWD BASE/SPORT,2
dodge,SX 2.0 4DR SEDAN FWD R/T,2
dodge,SX 2.0/R 4DR SEDAN FWD,1
dodge,SX 2.0/SPORT 4DR SEDAN FWD,1
dodge,SX 2.0/T 4DR SEDAN FWD,1
dodge,W 105 4 WD LONG,1
dodge,W 150 4 WD,1
dodge,W 150 4 WD CLUBCAB,1
dodge,W 150 4 WD CLUBCAB LONG,1
dodge,W 150 4 WD UTILINE,1
dodge,W 150 4 WD UTILINE LONG,1
dodge,W150 4 WD,1
dodge,W150 CLUB CAB 4 WD,1
dodge,W150 CLUB CAB LONG 4 WD,1
dodge,W150 LONG 4 WD,1
dodge,W150 UTILINE 4 WD,1
dodge,W150 UTILINE 4 WD LONG,1
ferrari,348 2DR COUPE,1
ferrari,512 TESTEROSSA 2DR COUPE,2
ferrari,575 SUPERAMERICA 2DR CONV RWD,1
ferrari,F12tdf,4
ferrari,MONDIAL,1
ferrari,PUROSANGQUE 4DR SUV,4
ferrari,TESTEROSSA COUPE,3
fiat,SPIDER,1
ford,COUGAR 2DR HATCHBACK,1
ford,COUGAR 2DR HATCHBACK V6,1
ford,COUGAR 2DR HATCHBACK V6 BASE,2
ford,COUGAR 2DR HATCHBACK V6 S,2
ford,EXP,2
ford,EXP 2 DR,2
ford,EXP SPORT COUPE,2
ford,EXP TURBO COUPE,2
ford,EXP TURBO CP,1
ford,GRAND MARQUIS 4DR SEDAN GS/LS,3
ford,GRAND MARQUIS 4DR SEDAN RWD GS/LS PREMIUM,3
ford,GRAND MARQUIS 4DR SEDAN RWD LS ULTIMATE,2
ford,MERCURY GRAND MARQUIS 4DR SEDAN GS/LS,1
ford,MERCURY MARAUDER 4DR SEDAN RWD,2
ford,POLICE INTERCEPTOR SEDAN,8
ford,POLICE INTERCEPTOR UTILITY,15
ford,POLICE RESPONDER HYBRID SEDAN,5
ford,T-BIRD 2 DR,2
ford,VILLAGER GS/LS 2WD,1
ford,VILLAGER GS/LS/NAUTICA,5
geo,405 DL/S SEDAN,1
geo,405 DL/S/Mi 16 SEDAN,3
geo,405 Mi 16 SEDAN,1
geo,505 GL 4 DR SEDAN,1
geo,505 GL 4 DR TURBO SEDAN,2
geo,505 GL WAGON,3
geo,505 GL/GLX/STX/TURBO 4 DR SEDAN,1
geo,505 GLS 4 DR SEDAN,1
geo,505 GLS WAGON,1
geo,505 STI 4 DR SEDAN,1
geo,505 STX (V6) 4 DR SEDAN,1
geo,505 TURBO 4 DR SEDAN,1
geo,"505 TURBO S, WAGON",1
geo,505 TURBO STATION WAGON,1
gmc,C-15 FENDERSIDE PICK-UP,3
gmc,C-15 LONG BED PICK-UP,3
gmc,C-15 SHORT BED PICK UP,3
gmc,C-1500,1
gmc,C-1500 SPORTSIDE P.U. REGULAR CAB,4
gmc,C-1500 WIDESIDE P.U. CLUB COUPE,3
gmc,C-1500 WIDESIDE P.U. CLUB COUPE LG BOX,1
gmc,C-1500 WIDESIDE P.U. CLUB COUPE SHT BOX,1
gmc,C-1500 WIDESIDE P.U. LONG WB.REG CAB,3
gmc,C-1500 WIDESIDE P.U. REG CAB LG BOX,1
gmc,C-1500 WIDESIDE P.U. REG CAB SHT BOX,1
gmc,C-1500 WIDESIDE PU. SHORT WB. REG. CAB,3
gmc,C-2500,1
gmc,C-2500 WIDESIDE P.U. CLUB COUPE,3
gmc,C-2500 WIDESIDE P.U. CLUB COUPE LG BOX,1
gmc,C-2500 WIDESIDE P.U. CLUB COUPE SHT BOX,1
gmc,C-2500 WIDESIDE P.U. LONG WB. REG CAB,3
gmc,C-2500 WIDESIDE P.U. REG CAB LG BOX,1
gmc,C-3500 WIDESIDE P.U. CLUB COUPE,3
gmc,C-3500 WIDESIDE P.U. CLUB COUPE DUAL,1
gmc,C-3500 WIDESIDE P.U. CLUB COUPE LG BOX,1
gmc,C-3500 WIDESIDE P.U. CLUB CPE. DUAL,2
gmc,C-3500 WIDESIDE P.U. CLUB CPE. DUAL WHEL,1
gmc,C-3500 WIDESIDE P.U. LONG WB. REG CAB,3
gmc,C-3500 WIDESIDE P.U. REG CAB DUAL,1
gmc,C-3500 WIDESIDE P.U. REG CAB LG BOX,1
gmc,C-3500 WIDESIDE P.U. REG. CAB DUAL,2
gmc,C-3500 WIDESIDE P.U. REG. CAB DUAL WHEEL,1
gmc,C1500 SPORTSIDE P.U. CLUB COUPE,2
gmc,C1500 SPORTSIDE P.U. REGULAR CAB,2
gmc,C1500 WIDESIDE P.U. CLUB COUPE LG BOX,2
gmc,C1500 WIDESIDE P.U. CLUB COUPE SHT BOX,2
gmc,C1500 WIDESIDE P.U. REG CAB LG BOX,2
gmc,C1500 WIDESIDE P.U. REG CAB SHT BOX,2
gmc,C2500 WIDESIDE P.U. CLUB COUPE LG BOX,2
gmc,C2500 WIDESIDE P.U. CLUB COUPE SHT BOX,2
gmc,C2500 WIDESIDE P.U. REG CAB LG BOX,2
gmc,C3500 CREW CAB P.U. 4X2,2
gmc,C3500 WIDESIDE P.U. CLUB COUPE DUAL,2
gmc,C3500 WIDESIDE P.U. CLUB COUPE LG BOX,2
gmc,C3500 WIDESIDE P.U. REG CAB DUAL,2
gmc,C3500 WIDESIDE P.U. REG CAB LG BOX,2
gmc,HUMMER EV 4DR PICKUP,5
gmc,K-15 LONG BED 4 X 4 PICK-UP,3
gmc,K-15 SHORT BED 4 X 4 PICK-UP,3
gmc,K-1500,1
gmc,K-1500 SPORTSIDE P.U. REGULAR CAB 4X4,4
gmc,K-1500 WIDESIDE P.U. CLUB COUPE 4X4,3
gmc,K-1500 WIDESIDE P.U. CLUB CPE LG BOX 4X4,1
gmc,K-1500 WIDESIDE P.U. CLUB CPE SHT BX 4X4,1
gmc,K-1500 WIDESIDE P.U. LONG WB.REG.CAB 4X4,3
gmc,K-1500 WIDESIDE P.U. REG CAB LG BOX 4X4,1
gmc,K-1500 WIDESIDE P.U. REG CAB SHT BOX 4X4,1
gmc,K-1500 WIDESIDE PU. SHORT WB.REG.CAB 4X4,3
gmc,K-2500,1
gmc,K-2500 WIDESIDE P.U. CLUB COUPE 4X4,3
gmc,K-2500 WIDESIDE P.U. CLUB CPE LG BOX 4X4,1
gmc,K-2500 WIDESIDE P.U. CLUB CPE SHT BX 4X4,1
gmc,K-2500 WIDESIDE P.U. LONG WB.REG.CAB 4X4,3
gmc,K-2500 WIDESIDE P.U. REG CAB LG BOX 4X4,1
gmc,K-3500 WIDESIDE P.U. CLUB COUPE 4X4,3
gmc,K-3500 WIDESIDE P.U. CLUB CPE LG BOX 4X4,1
gmc,K-3500 WIDESIDE P.U. LONG WB.REG.CAB 4X4,3
gmc,K-3500 WIDESIDE P.U. REG CAB LG BOX 4X4,1
gmc,K1500 SPORTSIDE P.U. CLUB COUPE 4X4,2
gmc,K1500 SPORTSIDE P.U. REGULAR CAB 4X4,2
gmc,K1500 WIDESIDE P.U. CLUB CPE LG BOX 4X4,2
gmc,K1500 WIDESIDE P.U. CLUB CPE SHT BX 4X4,2
gmc,K1500 WIDESIDE P.U. REG CAB LG BOX 4X4,2
gmc,K1500 WIDESIDE P.U. REG CAB SHT BOX 4X4,2
gmc,K2500 WIDESIDE P.U. CLUB CPE LG BOX 4X4,2
gmc,K2500 WIDESIDE P.U. CLUB CPE SHT BX 4X4,2
gmc,K2500 WIDESIDE P.U. REG CAB LG BOX 4X4,2
gmc,K3500 CREW CAB P.U. 4X4,2
gmc,K3500 WIDESIDE P.U. CLUB CPE LG BOX 4X4,2
gmc,K3500 WIDESIDE P.U. REG CAB LG BOX 4X4,2
gmc,R-2500 BONUS/CREW CAB P.U.,3
gmc,R-3500 BONUS/CREW CAB P.U.,1
gmc,R-3500 BONUS/CREW CAB P.U. 2WD,3
gmc,S-15 EXTENDED CAB 4 X 4 PICK-UP,3
gmc,S-15 EXTENDED CAB PICK-UP,3
gmc,S-15 LONG BED 4 X 4 PICK-UP,3
gmc,S-15 LONG BED PICK-UP,3
gmc,S-15 P.U. CLUB COUPE,3
gmc,S-15 P.U. CLUB COUPE 4X4,3
gmc,S-15 P.U. LONG W.B. REGULAR CAB,3
gmc,S-15 P.U. LONG W.B. REGULAR CAB 4X4,3
gmc,S-15 P.U. SHORT W.B. REGULAR CAB,3
gmc,S-15 P.U. SHORT W.B. REGULAR CAB 4X4,3
gmc,S-15 SHORT BED 4 X 4 PICK-UP,3
gmc,S-15 SHORT BED PICK-UP,3
gmc,SERRA 1500 CREW CAB S/BOX 4X4,1
gmc,V-3500 BONUS/CREW CAB P.U. 4X4,4
gmc,VAN LONG LB,2
gmc,VAN LONG WB,1
honda,1300 FE 5SP,1
honda,GL 1500 2 DR HB 5SP,1
honda,HONDA 4 DR HB 5SP,1
hyundai,PALASADE 4DR SUV,2
hyundai,PALASADE 4DR SUV HEV,2
infiniti,EX 4DR CUV AWD LUXURY/JOURNEY,2
infiniti,G 2DR COUPE /SPORT PACKAGE/SPORT M6,2
infiniti,G 4DR SEDAN RWD,1
infiniti,G SPORT 4DR SEDAN RWD,1
isuzu,SPACECAB LS 4x2,1
isuzu,SPACECAB LS 4x4,1
isuzu,SPACECAB S/XS/LS 4x2,3
isuzu,SPACECAB XS/LS 4x4,3
jaguar,JAGUAR,1
jeep,COMMANCHE ELIMINATOR,1
jeep,COMMANCHE LONGBED 2WD,3
jeep,COMMANCHE LONGBED 4WD,3
jeep,COMMANCHE SHORTBED 2WD,3
jeep,COMMANCHE SHORTBED 4WD,3
jeep,JEEP YJ 4X4,1
jeep,LAREDO 4X4,1
jeep,SCRAMBLER,2
jeep,TJ 2DR SUV 4WD /RUBICON,3
jeep,TJ 2DR SUV 4WD /SAHARA,1
jeep,TJ 2DR SUV 4WD /SE,3
jeep,TJ 2DR SUV 4WD /SPORT,3
jeep,TJ 2DR SUV HARDTOP SE 2.5L,4
jeep,TJ 2DR SUV HARDTOP SE/SPORT/SAHARA,1
jeep,TJ 2DR SUV HARDTOP SPORT/SAHARA 4.0L,4
jeep,TJ 2DR SUV LWB 4WD UNLIMITED/RUBICON,2
jeep,TJ 2DR SUV SAHARA,1
jeep,TJ 2DR SUV SE/SPORT 4X4,1
jeep,TJ 2DR SUV SOFTTOP SE 2.5L,4
jeep,TJ 2DR SUV SOFTTOP SE/SPORT/SAHARA,1
jeep,TJ 2DR SUV SOFTTOP SPORT/SAHARA 4.0L,4
jeep,TJ RUBICON 2DR SUV 4WD,1
jeep,TJ SAHARA 2DR SUV 4WD,1
jeep,TJ SE 2DR SUV 4WD,1
jeep,TJ SPORT 2DR SUV 4WD,1
jeep,YJ BASE,1
jeep,YJ HARD TOP,1
jeep,YJ HARDTOP 2DR SUV,2
jeep,YJ ISLANDER,1
jeep,YJ OPEN BODY,1
jeep,YJ S SOFTTOP 2DR SUV,2
jeep,YJ S/BASE/ISLANDER/SAHARA 4x4,3
jeep,YJ S/BASE/ISLANDER/SAHARA/LAREDO 4x4,1
jeep,YJ SAHARA,1
jeep,YJ SOFT TOP,1
kia,EV4 GT-LINE FWD,2
kia,EV4 LIGHT FWD,2
kia,EV4 WIND FWD,2
kia,EV5 4DR SUV AWD,2
kia,EV5 4DR SUV FWD,2
kia,MAGENTIS 4DR SEDAN /ANNIVERSARY/LX-V6/EX-V6,1
kia,MAGENTIS 4DR SEDAN /LX-V6/EX-V6,1
kia,MAGENTIS 4DR SEDAN LX,4
kia,MAGENTIS 4DR SEDAN LX-V6/LX-V6 LUXURY,3
kia,MAGENTIS 4DR SEDAN LX-V6/LX-V6 LUXURY/SX-V6,1
kia,MAGENTIS 4DR SEDAN LX/LX PREMIUM,3
kia,MAGENTIS 4DR SEDAN LX/LX PREMIUM/SX,1
kia,MAGENTIS 4DR SEDAN LX/LX-V6/EX-V6,1
kia,MAGENTIS 4DR SEDAN V6 LX/SE,3
kia,PV5 CARGO VAN,2
lamborghini,COUNTACH 25th ANNIVERSARY,1
lamborghini,COUNTACH/COUNTACH 25th ANNIVERSARY,1
lamborghini,COUTACH LPI 800-4,2
land_rover,EVOQUE 4DR SUV,7
lincoln,LINCOLN,1
lincoln,LINCOLN 4 DR,1
lotus,EMEYA,2
lotus,EVIJA 2DR COUPE,5
lotus,S4,1
lotus,SPRINT,1
maserati,KHAMSIN,1
maserati,MASERATI,1
maserati,QUATTREPORTE,1
mazda,5 4DR MINIVAN GS/GS CONVENIENCE/GT/GT LUXURY,1
mazda,B 2000 L.B.,1
mazda,B 2000 SB PICKUP,1
mazda,B2000 CAB PLUS 4X2,1
mazda,B2000 L.B.,1
mazda,B2000 LONG BED,2
mazda,B2000 LONG BED PICK-UP,2
mazda,B2000 S.B.,1
mazda,B2000 SHORT BED,2
mazda,B2000 SHORT BED PICK-UP,2
mazda,B2200 CAB PLUS,5
mazda,B2200 CAB PLUS PICK-UP,2
mazda,B2200 DIESEL LONG BED,2
mazda,B2200 DIESEL SHORT BED,2
mazda,B2200 LONG BED PICK-UP,7
mazda,B2200 SHORT BED PICK-UP,7
mazda,B2300 P/U CAB PLUS 4X2 BASE,4
mazda,B2300 P/U LONG BED 4X2 BASE/SE,4
mazda,B2300 P/U REG CAB 4X2,8
mazda,B2300 P/U SHORT BED 4X2 BASE/SE,4
mazda,B2300 P/U SHORT BED 4X4 BASE,2
mazda,B2500 P/U CAB PLUS 4X2,2
mazda,B2500 P/U REG CAB 4X2,1
mazda,B2500 P/U SHORT BOX 4X2,1
mazda,B2600 CAB PLUS 4X4 PICK-UP,7
mazda,B2600 LONG BED 4X4 PICK-UP,5
mazda,B2600 SHORT BED 4X4 PICK-UP,7
mazda,B3000 P/U CAB PLUS 4X2,5
mazda,B3000 P/U CAB PLUS 4X2 BASE/SE,3
mazda,B3000 P/U CAB PLUS 4X2 DUAL SPORT,8
mazda,B3000 P/U CAB PLUS 4X2 SX DUAL SPORT,2
mazda,B3000 P/U CAB PLUS 4X2 SX/DS/SE,2
mazda,B3000 P/U CAB PLUS 4X2 SX/SE,1
mazda,B3000 P/U CAB PLUS 4X4,1
mazda,B3000 P/U CAB PLUS 4X4 BASE/SE,3
mazda,B3000 P/U LONG BED 4X2 BASE/SE,4
mazda,B3000 P/U REG CAB 4X2,4
mazda,B3000 P/U REG CAB 4X2  SX,3
mazda,B3000 P/U REG CAB 4X2 DUAL SPORT,3
mazda,B3000 P/U REG CAB 4X4,1
mazda,B3000 P/U SHORT BED 4X2 BASE/SE,4
mazda,B3000 P/U SHORT BED 4X4 BASE/SE,3
mazda,B3000 P/U SHORT BOX 4X2,1
mazda,B3000 P/U SHORT BOX 4X4,1
mazda,B4000 P/U CAB PLUS 4X2,6
mazda,B4000 P/U CAB PLUS 4X2 BASE/SE,4
mazda,B4000 P/U CAB PLUS 4X2 DUAL SPORT,8
mazda,B4000 P/U CAB PLUS 4X2 SX/DS/SE,1
mazda,B4000 P/U CAB PLUS 4X2 SX/SE,1
mazda,B4000 P/U CAB PLUS 4X4,10
mazda,B4000 P/U CAB PLUS 4X4 BASE/SE,4
mazda,B4000 P/U CAB PLUS 4X4 SE,2
mazda,B4000 P/U CAB PLUS 4X4 SE/SE+,1
mazda,B4000 P/U LONG BED 4X2 BASE/SE,2
mazda,B4000 P/U SHORT BED 4X2 BASE/SE,2
mazda,B4000 P/U SHORT BED 4X4 BASE/SE,3
mazda,B4000 P/U SHORT BOX 4X2,1
mazda,B4000 P/U SHORT BOX 4X4,1
mazda,MAZDASPEED3 4DR HATCH FWD,3
mazda,MAZDASPEED6 4DR SEDAN AWD,3
mclaren,W1 2DR COUPE,2
mercedes_benz,B200/B200T 4DR WAGON FWD,2
mercedes_benz,C220 4DR SEDAN BASE/SPECIAL,3
mercedes_benz,C230 4DR SEDAN,3
mercedes_benz,C230 4DR SEDAN /SPORT,2
mercedes_benz,C230 4DR SEDAN SPECIAL EDITION,1
mercedes_benz,C230 KOMPRESSOR 4DR SEDAN RWD /SPORT,1
mercedes_benz,C230 SPORT COUPE 2DR COUPE,3
mercedes_benz,C230 SPORT COUPE 2DR COUPE RWD,2
mercedes_benz,C32 AMG 4DR SEDAN,1
mercedes_benz,C32 AMG 4DR SEDAN RWD,3
mercedes_benz,C320 4DR SEDAN,1
mercedes_benz,C320 4DR SEDAN RWD,3
mercedes_benz,C320 4DR SEDAN/SPORT,1
mercedes_benz,C320 4DR WAGON RWD,2
mercedes_benz,C320 4MATIC 4DR SEDAN  AWD,1
mercedes_benz,C320 4MATIC SPORT 4DR WAGON AWD,1
mercedes_benz,C320 SPORT COUPE 2DR COUPE,1
mercedes_benz,C320 SPORT COUPE 2DR COUPE RWD,1
mercedes_benz,C320 WAGON/SPORT WAGON 4DR WAGON RWD,1
mercedes_benz,C36 AMG 4DR SEDAN,3
mercedes_benz,C43 4DR SEDAN,1
mercedes_benz,C55 AMG 4DR SEDAN RWD,2
mercedes_benz,CL55 AMG 2DR COUPE,4
mercedes_benz,CL55 AMG 2DR COUPE RWD,2
mercedes_benz,CL550 2DR COUPE RWD,1
mercedes_benz,CL63 AMG 2DR COUPE RWD,1
mercedes_benz,CL65 AMG 2DR COUPE RWD,2
mercedes_benz,CLK320 2DR CABRIOLET,5
mercedes_benz,CLK320 2DR CONV RWD,2
mercedes_benz,CLK320 2DR COUPE,5
mercedes_benz,CLK320 2DR COUPE RWD,2
mercedes_benz,CLK430 2DR CABRIOLET,4
mercedes_benz,CLK430 2DR COUPE,4
mercedes_benz,CLK55 AMG 2DR COUPE,3
mercedes_benz,CLK55 AMG CABRIOLET 2DR CONVERTIBLE RWD,1
mercedes_benz,CLK550 2DR CONV RWD,3
mercedes_benz,CLK550 2DR COUPE RWD,3
mercedes_benz,CLK63 AMG 2DR CONV,3
mercedes_benz,CLS 450 4MATIC 4DR COUPE,6
mercedes_benz,CLS 4DR COUPE RWD,1
mercedes_benz,CLS AMG CLS 53 4MATIC 4DR COUPE,5
mercedes_benz,CLS55 AMG 4DR COUPE RWD,2
mercedes_benz,CLS550 4DR COUPE RWD,1
mercedes_benz,CLS63 AMG 4DR COUPE RWD,1
mercedes_benz,E320 2DR CABRIOLET,2
mercedes_benz,E320 2DR COUPE,2
mercedes_benz,E320 4DR SEDAN,10
mercedes_benz,E320 4DR SEDAN 4Matic,5
mercedes_benz,E320 4DR SEDAN RWD,2
mercedes_benz,E320 4DR SEDAN RWD CDI,1
mercedes_benz,E320 4DR WAGON,7
mercedes_benz,E320 4DR WAGON 4Matic,5
mercedes_benz,E320 4MATIC WAGON AWD,2
mercedes_benz,E320 BLUETEC 4DR SEDAN RWD,1
mercedes_benz,E320 CDI 4DR SEDAN RWD,1
mercedes_benz,E430 4DR SEDAN,5
mercedes_benz,E430 4DR SEDAN 4Matic,2
mercedes_benz,E55 4DR SEDAN,4
mercedes_benz,E55 4DR SEDAN RWD,3
mercedes_benz,E55 AMG WAGON RWD,1
mercedes_benz,E550 4DR SEDAN AWD,1
mercedes_benz,E63 AMG 4DR SEDAN RWD,1
mercedes_benz,G55 AMG 4DR SUV 4WD,4
mercedes_benz,GL320 CDI 4DR SUV AWD,1
mercedes_benz,GL450 4DR SUV AWD,1
mercedes_benz,GLE 450 4MATIC 4DR SUV,7
mercedes_benz,GLE 450e 4MATIC 4DR SUV,3
mercedes_benz,GLE AMG 53 4MATIC 4DR SUV,7
mercedes_benz,GLE AMG 53 COUPE 4DR SUV,6
mercedes_benz,GLE AMG 63 4MATIC 4DR SUV,6
mercedes_benz,GLE AMG 63 COUPE 4DR SUV,6
mercedes_benz,GLE COUPE 43 AMG 4MATIC,3
mercedes_benz,GLE COUPE AMG 63 S 4MATIC,4
mercedes_benz,GT S 2DR COUPE,2
mercedes_benz,MAYBACH S 580 4MATIC SEDAN,3
mercedes_benz,MAYBACH S 650 SEDAN,5
mercedes_benz,MAYBACH S 680 SEDAN,3
mercedes_benz,ML320 4DR SUV 4WD,4
mercedes_benz,ML320 4DR SUV 4WD CLASSIC/ELEGANCE,1
mercedes_benz,ML320 CDI 4DR SUV 4WD,1
mercedes_benz,ML430 4DR SUV 4WD,3
mercedes_benz,ML55 4DR SUV 4WD,2
mercedes_benz,ML55 AMG 4DR SUV 4WD,1
mercedes_benz,ML63 AMG 4DR SUV 4WD,1
mercedes_benz,R320 CDI 4DR WAGON AWD,1
mercedes_benz,R63 AMG 4DR WAGON AWD,1
mercedes_benz,S320 4DR SEDAN,5
mercedes_benz,S320 4DR SEDAN LWB,5
mercedes_benz,S320 4DR SEDAN SWB,1
mercedes_benz,S430 4DR SEDAN LWB,4
mercedes_benz,S430 4DR SEDAN RWD / LWB,1
mercedes_benz,S430 4DR SEDAN RWD / SWB,3
mercedes_benz,S430 4DR SEDAN RWDLWB,2
mercedes_benz,S430 4DR SEDAN SWB,4
mercedes_benz,S430 4MATIC 4DR SEDAN SWB,1
mercedes_benz,S55 4DR SEDAN,1
mercedes_benz,S55 AMG 4DR SEDAN,2
mercedes_benz,S55 AMG 4DR SEDAN RWD,3
mercedes_benz,S550 4DR SEDAN RWD,1
mercedes_benz,S65 AMG 4DR SEDAN RWD,2
mercedes_benz,S650 MAYBACH,1
mercedes_benz,SL320 2DR CONVERTIBLE,4
mercedes_benz,SL55 AMG 2DR CONVERTIBLE,5
mercedes_benz,SL550 2DR CONVERTIBLE,1
mercedes_benz,SL65 AMG 2DR CONVERTIBLE RWD,3
mercedes_benz,SLK 2DR CONVERTIBLE,1
mercedes_benz,SLK 32 2DR CONVERTIBLE,1
mercedes_benz,SLK 32 AMG 2DR CONVERTIBLE,2
mercedes_benz,SLK230 2DR CONVERTIBLE,7
mercedes_benz,SLK320 2DR CONVERTIBLE,4
mercedes_benz,SLK55 AMG 2DR CONVERTIBLE RWD,7
mercedes_benz,SLS AMG 2DR COUPE,6
mercedes_benz,SLS AMG ROADSTER 2DR CONVERTIBLE,4
mercury,LN-7,2
mercury,MERCURY WAGON,1
mercury,SCORPIO 4 DR HATCHBACK,2
mercury,SCORPIO 4 DR KAMBACK,1
mercury,XR4TI,2
mercury,XR4TI 2 DR HATCHBACK,3
mitsubishi,GALLANT DE/ES/LS/ES V6/ LS V6/ GT,1
nissan,200 XE HATCHBACK,1
nissan,200 XE NOTCHBACK,1
nissan,4WD WAGON,1
nissan,ARIYA 4DR SUV,4
nissan,ARMANDA 4DR SUV AWD SE/LE,1
nissan,HEAVY DUTY,1
nissan,KING CAB 4 X 2,3
nissan,KING CAB 4 X 4,3
nissan,KING CAB DLX,4
nissan,KING CAB DLX 4X2,2
nissan,KING CAB SE,4
nissan,KING CAB SE 4X4,4
nissan,KING CAB SE-V6 4X2,2
nissan,KING CAB SE-V6 4X4,2
nissan,KING CAB XE 4X4,6
nissan,LONG BED DLX,3
nissan,LONG BED DLX 4X4,2
nissan,LONG BED DLX/HD,1
nissan,LONG BED DLX/HD 4X2,1
nissan,LONG BED DLX/HD 4x2,1
nissan,LONG BOX,1
nissan,LONG BOX 4 X 2,2
nissan,LONG BOX 4 X 4,3
nissan,MULTI 2WD,1
nissan,MULTI 2WD WAGON,2
nissan,MULTI 4WD,1
nissan,MULTI 4WD WAGON,2
nissan,P/U KING CAB DLX 4X2,3
nissan,P/U KING CAB SE 4X2,1
nissan,P/U KING CAB SE 4X4,1
nissan,P/U KING CAB SE-V6 4X2,3
nissan,P/U KING CAB SE-V6 4X4,3
nissan,P/U KING CAB V6 4X2,3
nissan,P/U KING CAB V6 4X4,3
nissan,P/U KING CAB XE 4X2,1
nissan,P/U KING CAB XE 4X4,1
nissan,P/U REGULAR BED DLX 4X2,3
nissan,P/U REGULAR BED DLX 4X4,3
nissan,P/U REGULAR BED STD/XE 4X2,1
nissan,P/U REGULAR BED XE 4X4,1
nissan,QASHQAI 4DR SUV AWD,7
nissan,QASHQAI 4DR SUV FWD,7
nissan,REGULAR BED DLX,4
nissan,REGULAR BED DLX 4X2,2
nissan,REGULAR BED DLX 4X4,6
nissan,REGULAR BED SE 4X4,2
nissan,REGULAR BED SPORTTRUCK 4X4,6
nissan,REGULAR BED STD.,2
nissan,REGULAR BOX,1
nissan,REGULAR BOX 4 X 2,2
nissan,REGULAR BOX 4 X 4,3
nissan,Z 2DR COUPE,4
oldsmobile,88 ROYALE BASE/BROUGHAM 4DR SEDAN,2
oldsmobile,88 ROYALE BASE/LS 4DR SEDAN,2
oldsmobile,CALAIS (BASE) COUPE,2
oldsmobile,CALAIS 2 DR COUPE,1
oldsmobile,CALAIS 4 DR SEDAN,1
oldsmobile,CALAIS BASE/SUPREME SEDAN,1
oldsmobile,CALAIS SUPREME 2 DR COUPE,1
oldsmobile,CALAIS SUPREME 4 DR SEDAN,1
oldsmobile,CALAIS SUPREME COUPE,2
oldsmobile,CUTLESS SUPREME 2 DR COUPE,1
oldsmobile,CUTLESS SUPREME COUPE,1
oldsmobile,NINETY-EIGHT,2
oldsmobile,NINETY-EIGHT BROUGHAM 4 DR SEDAN,1
oldsmobile,NINETY-EIGHT BROUGHAM COUPE,2
oldsmobile,NINETY-EIGHT BROUGHAM SEDAN,2
plymouth,EXPO 4 DR HATCHBACK,3
plymouth,GRAND FURY,1
pontiac,1000 2 DR HB,2
pontiac,1000 4 DR HB,2
pontiac,1000 HATCHBACK 2 DR,1
pontiac,1000 HATCHBACK 4 DR,1
pontiac,SUNRUNNER 2DR CONVERTIBLE 2WD,4
pontiac,SUNRUNNER 2DR CONVERTIBLE 4WD BASE/GT,4
pontiac,SUNRUNNER 2DR HARD TOP BASE/GT,2
porsche,930 T,1
porsche,CARRERA GT 2DR CONV RWD,6
porsche,MECAN ELECTRIC,2
porsche,TURBO,1
renault,18 4 DR,2
renault,18 SPORTWAGON,2
renault,18 WAGON,2
renault,EAGLE WAGON,5
renault,MEDALLION 4 DR SEDAN,1
renault,MEDALLION WAGON,1
renault,SPORTWAGON,2
rolls_royce,BENTLEY AZURE 2DR CONVERTIBLE,2
rolls_royce,BENTLEY BROOKLANDS 4DR SEDAN,1
rolls_royce,BENTLEY BROOKLANDS 4DR SEDAN LWB,1
rolls_royce,BENTLEY BROOKLANDS R 4DR SEDAN,1
rolls_royce,BENTLEY CONTINENTAL R 2DR COUPE,3
rolls_royce,BENTLEY CONTINENTAL R 2DR COUPE LWB,1
rolls_royce,BENTLEY CONTINENTAL T 2DR COUPE,1
rolls_royce,BENTLEY MULSANNE,2
rolls_royce,BENTLEY MULSANNE S/TURBO R 4DR SEDAN,2
rolls_royce,BENTLEY MULSANNE/TURBO R 4DR SEDAN,2
rolls_royce,BENTLEY TURBO R 4DR SEDAN,1
rolls_royce,BENTLEY TURBO RL 4DR SEDAN,2
rolls_royce,BENTLY MULSANNE/TURBO,1
rolls_royce,BROOKLANDS 4DR SEDAN,3
rolls_royce,CAMARQUE,2
rolls_royce,CONTINENTAL AZURE 2DR CONVERTIBLE,1
rolls_royce,MULSANNE,2
rolls_royce,MULSANNE TURBO,2
rolls_royce,TURBO R 4DR SEDAN,1
saab,TURBO 16 S 2 DR,1
saturn,SC COUPE,1
subaru,CHASER,1
subaru,CHASER 4WD 2 DR HATCHBACK,1
subaru,CHASER FWD 2 DR HATCHBACK,1
subaru,HATCHBACK 4 WD,2
subaru,STAT. WAGON 4WD TURBO,2
subaru,STATION WAGON TURBO 4 WD,1
subaru,TRIBECA 4DR SUV AWD BASE/LIMITED,2
subaru,TRIBECA 4DR SUV AWD BASE/LIMITED/OPTIMUM,2
subaru,TRIBECA 4DR SUV AWD BASE/LIMITED/PREMIER,3
subaru,TRIBECA 4DR SUV AWD PREMIER,2
subaru,WAGON,1
suzuki,LJ 80,1
suzuki,PICK-UP,3
suzuki,SJ 410,1
suzuki,SJ 410K,1
suzuki,SJ 410Q,1
suzuki,SJ 410V,1
suzuki,SJ-410 K PICKUP,2
suzuki,SJ-410 Q CONV.,2
suzuki,SJ-410 QG CONV.,2
suzuki,SJ-410 V HD,2
suzuki,SJ-410 W PICKUP,2
toyota,1 TON,3
toyota,2WD,1
toyota,2WD CARGO,1
toyota,2WD DELUXE/LE,1
toyota,2WD LE,1
toyota,4 WD,1
toyota,4 X 4,1
toyota,4WD,1
toyota,4WD CARGO,1
toyota,4WD DELUXE LE,1
toyota,4WD LE,1
toyota,CORROLA/LE 4DR SEDAN,1
toyota,LN 40 LONGBED PU/DIESEL,1
toyota,LONG BED,4
toyota,LONG BED 2WD,3
toyota,LONG BED 3/4 TON,1
toyota,LONG BED 3/4T CAB & CHASSIS DEL.,1
toyota,LONG BED 4 X 4 DEL./SR5,1
toyota,LONG BED 4 X 4 SR5,1
toyota,LONG BED 4WD,3
toyota,LONG BED SR5 DEL./DIESEL,1
toyota,MATRIX 4DR WAGON AWD,4
toyota,MATRIX 4DR WAGON BASE 4WD/XR 4WD/XRS,3
toyota,MATRIX 4DR WAGON BASE FWD/XR FWD,3
toyota,MATRIX 4DR WAGON FWD,1
toyota,MATRIX 4DR WAGON FWD BASE,5
toyota,MATRIX 4DR WAGON FWD BASE/XR,1
toyota,MATRIX 4DR WAGON FWD XR,2
toyota,MATRIX 4DR WAGON FWD XRS,5
toyota,MATRIX BASE 4WD/XR 4WD/XRS 4DR WAGON,1
toyota,MATRIX BASE FWD/XR FWD 4DR WAGON,1
toyota,NR 44 LONGBED PU/1/2TON,1
toyota,P/U STANDARD BED 2WD,2
toyota,P/U STANDARD BED 4WD,2
toyota,P/U STANDARD BED V6 4WD,2
toyota,P/U XTRACAB 2WD,2
toyota,P/U XTRACAB 4WD,2
toyota,P/U XTRACAB SR5 V6 4WD,2
toyota,P/U XTRACAB V6 2WD,2
toyota,P/U XTRACAB V6 4WD,2
toyota,RN 34 SHORTBED/PU/1/2TON,1
toyota,RN 38 SHORTBED PU/4 X 4,1
toyota,RN 44 LONGBED PU//3/4TON,1
toyota,RN 48 LONGBED PU//4 X 4,1
toyota,SHORT BED,1
toyota,SOLARA 2DR CONV FWD,2
toyota,SOLARA 2DR CONV FWD /SLE V6,3
toyota,SOLARA 2DR COUPE FWD / SE,3
toyota,SOLARA 2DR COUPE FWD / SE V6/SLE V6,3
toyota,SOLARA SLE V6 2DR COUPE FWD,2
toyota,STANDARD BED,4
toyota,STANDARD BED 2WD,3
toyota,STANDARD BED 4WD,3
toyota,STANDARD BED DEL. 4 X 4,1
toyota,XTRACAB 2WD,3
toyota,XTRACAB 4 X 4 DEL./DIESEL,1
toyota,XTRACAB 4 X 4 SR5,1
toyota,XTRACAB DEL./SR5/DIESEL,1
toyota,XTRACAB LONGBED,3
toyota,XTRACAB SR5,3
toyota,XTRACAB SR5 4WD,3
triumph,SPITFIRE,1
volvo,240 DL 4 DR SEDAN,5
volvo,240 DL SEDAN,2
volvo,240 DL WAGON,9
volvo,240 DL/GL 4 DR SEDAN,2
volvo,240 GL SEDAN,2
volvo,240 GL WAGON,2
volvo,240 TURBO SEDAN,1
volvo,240 TURBO WAGON,1
volvo,242,1
volvo,244,1
volvo,740 GL WAGON,1
volvo,740 GL/GLE/TURBO 4 DR SEDAN,2
volvo,740 GL/GLE/TURBO WAGON,2
volvo,740 GLE 4 DR,2
volvo,740 GLE 4 DR SEDAN,1
volvo,740 GLE WAGON,2
volvo,740 GLE/TURBO 4 DR SEDAN,1
volvo,740 GLE/TURBO WAGON,1
volvo,740 SEDAN/TURBO 4 DR SEDAN,1
volvo,740 TURBO 4 DR,2
volvo,740 TURBO 4 DR SEDAN,1
volvo,740 TURBO WAGON,2
volvo,740 WAGON/TURBO WAGON,1
volvo,760 GLE 4 DR,3
volvo,760 GLE 4 DR SEDAN,1
volvo,760 GLE 4 DR TURBO,1
volvo,760 GLE 4 DR TURBO DIESEL,1
volvo,760 GLE WAGON,1
volvo,760 GLE/TURBO 4 DR SEDAN,3
volvo,760 TURBO 4 DR,2
volvo,760 TURBO 4 DR SEDAN,1
volvo,760 TURBO WAGON,5
volvo,780 2 DR COUPE,1
volvo,780 BERTONE 2 DR COUPE,1
volvo,780 V6/2 DR COUPE,2
volvo,850 4DR SEDAN BASE/GLT,2
volvo,850 4DR SEDAN BASE/GLT/GLE,1
volvo,850 4DR SEDAN GLT,1
volvo,850 4DR SEDAN T-5,1
volvo,850 4DR SEDAN TLA PLATINUM,1
volvo,850 4DR SEDAN TURBO,3
volvo,850 4DR WAGON AWD,1
volvo,850 4DR WAGON BASE/GLT,1
volvo,850 4DR WAGON BASE/GLT/GLE,1
volvo,850 4DR WAGON GLT,1
volvo,850 4DR WAGON T-5,1
volvo,850 4DR WAGON TLA PLATINUM,1
volvo,850 4DR WAGON TURBO,3
volvo,850 4DR WAGSON BASE/GLT,1
volvo,850 GLT 4DR SEDAN,1
volvo,940 4DR SEDAN BASE/TURBO,2
volvo,940 4DR WAGON BASE/TURBO,2
volvo,940 GLE/SE/TURBO SEDAN,1
volvo,940 GLE/SE/TURBO WAGON,1
volvo,940 GLE/TURBO SEDAN,2
volvo,940 GLE/TURBO WAGON,2
volvo,960 4DR SEDAN,4
volvo,960 4DR WAGON,4
volvo,960 SEDAN,2
volvo,960 WAGON,2
volvo,CPE,1
volvo,DIESEL 4 DR SD,2
volvo,DIESEL WAGON,2
volvo,DL 4 DR SD,2
volvo,DL WAGON,2
volvo,DL. WAGON,1
volvo,GL 4 DR SD,2
volvo,GL WAGON,2
volvo,GLE TURBO 2 DR SD,2
volvo,GLT 2 DR,1
volvo,GLT TURBO 4 DR SD,2
volvo,GLT TURBO WAGON,4
volvo,SEDAN,1
volvo,WAGON,1
yugo,GV/GVX 2 DR HATCHBACK,1
yugo,L/GL 2DR HATCHBACK,1
